hashid,repeat,repeat_len,array_len,num_spacers
dfb3446681ebd1bc470b,AGCGAAGCACCAACAAAAGAAGAAG,25,205,5
f44b41a4c15da2b72a76,TGAAGAAACAAGCAAAGCAGCAACAGAA,28,274,4
24c69798bec6be16bdb7,GACAGCGACTCAGACGCAGATAGCGA,26,764,12
8c2dbc760bf93bf18b44,GTTAAAAGCAGTTCTCAGTAAAATTAC,27,347,5
296bac4b180c0da13bf1,CTTTACCAGGCTTGTTGCCGTCTTCTTT,28,220,5
e25a983ca82569fae95b,ACACAAAACAAGCCAAGTGAAACAAACGCATA,32,437,6
91cd05380620181dc949,GCGACTCAGACTCAGATAGTGATTCAGATTCGGA,34,538,8
423c060cca5a8809c8d1,TCAGACAGTGATTCAGACTCAGA,23,437,7
4aa94793a6bb686d93a4,GCGGGGCCCCAACATAGAGAAAT,23,136,3
33643fdeb041ab2842e3,TGTAGAATTTCTTTTCGAAATTCT,24,79,2
a8850fb5c3fc9bec23eb,TTCTCTTTGTTGGGGCCCACACCCCAACT,29,263,5
6a4294f548aae16c000b,CACATTATTGTAAGCTGACTTTCCG,25,81,2
f55547dc0c8991eafbba,AGTGATTCAGATTCAGCAAGTGATTCAGACTC,32,734,12
bdfa523d24b9c69c580d,CCAACTTGCACATTATTGTAAGCTGACTT,29,85,2
c732bd407ad4b4199339,CAAACTAAAGTTCGCTGAAATGA,23,152,4
fd61d9863a825ab8f074,ATACATGCGCCGAGCACATGCAAAAAAGCCCCTAACAACTAAA,43,295,5
45031a4589d6b1cf5998,AGCTGGCGAAAAGTCAGCATACAAAAATGTGCAAGT,36,92,2
068e292cf642f9940253,TTCAAAAAGAAATTCTACAGACAATGCAAGTTGG,34,89,2
e2f2148a8794fbff92b3,TGAGCTAAAGCTCAAGATAAAGACGCA,27,155,3
f0bc1894d746e8d6b6e3,CCAACTTCCATTGCCTGTTGAAATT,25,140,3
8ad36ea3b1b0a0cdf5af,AATTATGGAGCGGAAGATAGGATTTACACCTATACCTC,38,216,3
f9d6e76081a16edced5c,TTGCACATTATTGTAAGCTGACAGAAAGTCAGCTTC,36,92,2
dda0715d756c9bceea9d,TTATCTGGATCTGGTTTTGGATCC,24,180,3
82c381b143b1ad8975af,CCAACTGATTTTTGCGTATCATTAGT,26,86,2
4fb14d50087b36f0964c,TTTAACTTAAGTTATTAGAGCCTCTTATGCAGTTGCTCAG,40,100,2
4afb27b75b0f5c883481,CTGAGGTCACTGCGCTTCGGTTCGCCTGCGCTTTTGCGC,39,161,3
d54f1baefd536dddaae4,CTGAGTCGCTGTCTGAATCTGAATCGCTGTCTGA,34,466,8
d57a2c4a8f031e7afc96,AGAATCGGCGTTGTGGCGCAGATAT,25,119,3
